gpa,ielts_score,visited_uk_before,has_scholarship_offer,financial_documents_ready,age,country_of_origin,field_of_study,university_rank_applied,has_recommendation_letters,visa_approved
3.09,6.8,No,No,No,21.916850387838895,Sudan,Law,68,Yes,Yes
2.33,7.0,Unknown,Yes,No,30.73763218013931,Kenya,Medicine,59,Yes,No
3.19,5.5,Yes,Yes,No,21.413334022666472,China,IT,91,Unknown,No
3.31,5.5,No,Yes,Yes,12.875224670039644,Egypt,Science,10,Yes,Yes
3.28,7.5,No,No,Yes,27.05454013546061,Nigeria,Science,13,Yes,Yes
3.54,,No,No,No,17.933605122344204,Egypt,Medicine,2,No,Yes
3.42,5.4,No,Yes,No,21.53996142795663,Unknown,Arts,90,No,Yes
3.23,5.2,No,Yes,Yes,22.930613708242888,Egypt,Education,15,Yes,No
2.96,6.4,No,No,No,19.304024601215954,Ghana,Science,46,No,Yes
2.17,5.7,Yes,No,Yes,23.02508965576712,India,IT,57,Yes,No
3.21,5.7,No,No,Yes,19.37887245098044,Kenya,Arts,10,Yes,Yes
3.1,5.2,Yes,Yes,Yes,25.649532740532187,India,Science,22,Yes,No
3.14,6.0,No,Yes,Yes,20.085018976991243,Kenya,Education,89,No,No
2.36,5.3,No,No,Yes,25.12058559512806,Nigeria,Engineering,79,Unknown,Yes
2.46,5.4,No,No,Yes,29.64803081708484,Egypt,Engineering,77,No,Yes
3.53,6.8,No,Yes,Yes,28.129491081168652,Nigeria,Medicine,8,Unknown,Yes
2.98,6.4,Unknown,No,Yes,24.673157231433688,Sudan,Education,21,Yes,Yes
3.34,7.0,Yes,No,Yes,21.045050726320728,Sudan,IT,85,Yes,Yes
3.01,4.9,No,No,No,25.636708463690322,India,IT,22,Yes,Yes
3.01,6.5,No,Yes,Yes,22.217123502131656,Pakistan,Science,97,Yes,Yes
3.47,8.6,No,No,Yes,25.804493834806102,Pakistan,Law,45,No,No
2.74,6.1,Yes,No,Yes,18.138859130188003,Pakistan,Arts,91,No,Yes
3.05,,No,No,Yes,28.22904422534257,Unknown,Education,40,Unknown,Yes
2.77,7.3,No,Yes,No,25.13286625205259,Ghana,Science,22,Yes,Yes
2.78,7.4,Unknown,Yes,Yes,,Ghana,Medicine,30,Yes,Yes
2.85,6.7,No,Yes,No,,Sudan,Education,62,Yes,No
3.11,7.1,No,No,Yes,27.264747745684225,Pakistan,Arts,73,Yes,Yes
2.76,7.2,Unknown,Yes,Yes,24.504028105169724,Kenya,Business,45,Yes,Yes
3.63,7.1,No,No,Yes,22.08158254519334,Sudan,Medicine,35,Yes,Yes
2.55,5.4,Yes,Yes,Yes,28.769637180136538,Nigeria,Science,82,Yes,Yes
2.91,4.8,Yes,No,Yes,24.082120834721152,Pakistan,Law,42,Yes,Yes
2.78,,No,No,Yes,29.6734585317932,Sudan,Education,5,Yes,Yes
3.72,6.2,Yes,Yes,Yes,26.603292654941143,Pakistan,Business,27,Yes,Yes
3.1,7.1,Unknown,Yes,Yes,26.631988508999054,Unknown,Medicine,70,Yes,No
3.52,5.4,No,Yes,No,27.378104507871846,India,Science,-5,Yes,No
2.26,7.4,Yes,No,Yes,21.321492246249772,China,Engineering,32,Yes,No
,6.0,No,No,Yes,20.911455024505507,Pakistan,IT,8,Yes,Yes
3.44,6.0,No,Yes,Yes,20.773162206547102,Nigeria,Science,85,Yes,Yes
3.04,5.7,Unknown,No,Yes,29.189987659503963,Nigeria,Engineering,18,Yes,No
3.53,4.6,No,Yes,Yes,21.21711364992611,India,Engineering,78,Yes,Yes
2.74,6.7,No,Yes,No,21.715361167218653,Egypt,Medicine,15,No,Yes
3.7,8.2,No,Yes,No,27.15006850789257,Nigeria,Science,26,No,Yes
4.15,6.4,No,No,Yes,23.991803501460577,Sudan,IT,53,No,Yes
2.82,4.6,No,Yes,Yes,23.480823031632177,Nigeria,Science,44,Yes,No
2.78,7.3,Yes,Yes,Yes,23.133780124692322,China,Engineering,32,Yes,Yes
3.73,4.9,Yes,Yes,Yes,15.697473288634608,India,Arts,28,No,No
3.79,5.3,No,Yes,Yes,21.132473896143928,Sudan,Business,39,Yes,Yes
2.74,6.3,Yes,No,Yes,29.726252547528365,Pakistan,Law,32,No,Yes
2.79,6.6,Yes,Yes,Yes,22.84240759386411,India,Science,77,Yes,Yes
2.86,5.5,No,Yes,Yes,17.398041175929038,China,Business,79,Yes,Yes
2.33,6.2,Yes,No,Yes,20.96802304452604,Ghana,Business,18,No,No
2.54,7.2,No,Yes,Yes,26.439415859019984,China,Education,70,Yes,No
2.5,7.4,No,No,Yes,26.36013843682295,Kenya,Arts,11,Yes,No
2.62,7.8,Unknown,No,Yes,23.8228775497546,Kenya,Business,32,Yes,No
2.98,8.4,No,Yes,No,22.243183811659865,Ghana,Science,20,Yes,Yes
3.12,7.3,Yes,No,Yes,19.391216056975825,Unknown,Medicine,97,Yes,No
3.78,6.3,No,Yes,No,26.472740145648032,Nigeria,Medicine,40,Yes,Yes
2.5,7.4,No,No,Yes,28.351481670671156,Egypt,Education,8,No,Yes
3.49,7.0,Unknown,No,Yes,15.0,Egypt,Business,35,No,Yes
2.89,7.0,No,Yes,Yes,20.557650565239825,China,Science,69,Yes,Yes
2.98,6.7,No,No,Yes,30.462091921624754,Ghana,Science,99,Unknown,Yes
3.34,5.6,Unknown,No,No,24.773551650942174,Ghana,Engineering,78,Yes,Yes
2.44,5.5,Yes,No,Yes,25.106287853617225,Pakistan,Arts,21,Yes,No
3.19,6.4,No,No,Yes,28.574368162525843,India,IT,24,No,Yes
3.08,6.6,No,No,Yes,22.83618438608107,Sudan,Law,17,No,Yes
3.25,5.8,Yes,Yes,No,16.344787994603884,Kenya,IT,18,No,Yes
3.14,6.9,No,Yes,Yes,27.819446192783047,Egypt,Education,98,Yes,Yes
4.23,8.6,Yes,No,No,26.394282977180293,Nigeria,Engineering,12,Yes,No
2.68,4.8,No,Yes,No,23.558892612492095,Sudan,Law,16,No,Yes
2.73,7.1,Unknown,No,Yes,27.490125375748775,China,IT,4,Yes,No
2.69,6.4,Yes,Yes,No,28.307773841860783,Pakistan,Science,89,No,No
2.72,7.0,No,Yes,No,18.951974751753696,Sudan,Medicine,34,Yes,Yes
2.68,,Yes,Yes,Yes,25.09005189759091,Pakistan,Engineering,92,No,Yes
3.59,6.4,No,No,Yes,15.889749572603662,Egypt,IT,46,Yes,No
3.71,6.6,Yes,No,Yes,24.50522724195287,Egypt,Education,75,Yes,No
2.71,6.2,Unknown,No,Yes,23.509031023885242,Nigeria,Business,77,Yes,No
2.58,5.0,No,Yes,Yes,26.96763606970896,Ghana,Education,31,No,No
3.24,6.3,No,No,Yes,20.70777908150429,China,Education,25,No,Yes
2.72,5.1,No,Yes,Yes,23.314053856593926,Unknown,Education,74,Yes,Yes
,7.2,No,No,Yes,12.135771202971455,Nigeria,Business,24,No,Yes
3.1,4.6,Unknown,No,Yes,50.0,Egypt,Law,65,Yes,No
2.24,7.5,No,Yes,No,24.646400332823706,India,Science,25,Yes,No
3.77,6.9,Unknown,No,No,25.34896575128244,Ghana,Medicine,28,Yes,Yes
3.9,6.9,No,No,Yes,19.026277055861094,India,Law,36,Yes,Yes
2.69,4.3,Yes,Yes,Yes,26.59224869941202,Nigeria,IT,82,Yes,Yes
2.81,6.2,No,No,Yes,31.610998814056902,Sudan,IT,6,Yes,Yes
3.14,7.7,Yes,No,No,24.26034912449524,Unknown,Medicine,66,No,No
3.17,6.0,No,Yes,Yes,27.60035563232658,Pakistan,IT,67,No,No
3.33,5.4,No,Yes,Yes,21.51751590749646,Nigeria,Arts,72,No,No
4.01,5.9,No,No,No,24.69257523981178,Pakistan,Medicine,95,Yes,Yes
2.91,6.4,Yes,No,No,18.87463754416733,Pakistan,Business,48,Unknown,Yes
2.6,5.6,Yes,No,No,28.15248721877385,India,IT,83,No,No
2.31,7.7,No,No,No,25.639362308661585,Sudan,IT,70,Yes,No
2.63,6.4,Unknown,No,Yes,20.122854456695748,Pakistan,Engineering,78,No,Yes
2.98,5.9,No,No,Yes,21.792551292647673,Unknown,Engineering,105,Yes,No
3.9,5.2,No,No,Yes,25.244344690393252,India,Engineering,48,Yes,Yes
,7.0,No,No,Yes,28.6954600638567,Egypt,Medicine,65,Yes,Yes
3.11,7.0,No,Yes,No,,India,Business,44,Yes,Yes
2.99,5.7,Yes,Yes,Yes,24.46349848381937,Unknown,Medicine,94,No,Yes
3.59,4.3,No,Yes,Yes,19.541405304522478,Ghana,Education,63,Yes,Yes
4.26,6.9,Yes,No,No,25.95386056129518,India,Science,46,Yes,Yes
2.73,6.3,Unknown,No,Yes,32.13952959612941,Egypt,Business,19,Unknown,No
2.76,6.8,Yes,Yes,No,18.50900637870994,Pakistan,Business,64,Unknown,Yes
3.52,,No,Yes,No,21.181617402844275,Kenya,Education,83,No,Yes
4.5,6.5,Yes,No,Yes,27.44385737698657,Kenya,Medicine,73,Yes,No
3.92,6.0,Yes,Yes,Yes,25.614396541016667,Kenya,Medicine,71,Yes,Yes
3.29,5.4,No,No,Yes,22.819921086940795,Ghana,Engineering,50,No,Yes
2.82,6.2,Yes,No,Yes,25.880455493205808,Egypt,Business,63,Yes,No
3.3,6.7,Yes,No,Yes,28.910180807417262,Unknown,Engineering,41,Yes,Yes
3.55,6.6,No,Yes,Yes,24.606654631230004,Nigeria,Science,7,Yes,Yes
3.41,8.2,Yes,Yes,No,24.255969222831613,Kenya,Arts,9,Yes,Yes
3.25,7.0,Yes,No,Yes,27.356096679702866,Nigeria,Engineering,4,Yes,Yes
3.53,6.4,No,No,No,23.917940472383215,Ghana,Medicine,89,Yes,No
3.58,5.8,No,No,Yes,29.57009424351252,Nigeria,IT,49,Yes,No
3.69,6.8,Unknown,Yes,Yes,33.1069587139374,Ghana,Law,76,Yes,No
3.32,5.6,No,No,No,,Nigeria,Arts,6,Yes,No
2.92,6.7,No,No,Yes,19.999897868863805,India,Science,82,Yes,No
3.07,7.0,Yes,No,Yes,26.486876954760174,Kenya,IT,21,No,Yes
3.6,6.3,No,No,Yes,19.85798190788839,Sudan,Medicine,15,No,No
2.59,5.9,No,Yes,No,19.78969008418585,China,Arts,67,Yes,Yes
3.18,4.3,No,Yes,Yes,16.803176918704633,Ghana,Education,66,Yes,No
2.8,7.6,No,No,Yes,23.4709910097125,Pakistan,Medicine,56,Yes,No
3.01,6.9,Yes,No,Yes,24.868038788691,China,Engineering,68,Yes,Yes
3.64,,No,Yes,No,22.93054804343107,Unknown,IT,32,Yes,Yes
3.1,4.9,No,Yes,No,30.561332734128683,Ghana,Medicine,66,Yes,Yes
3.02,7.9,Unknown,No,Yes,30.263549068184467,Ghana,IT,29,No,Yes
2.32,6.0,Yes,Yes,No,32.71537585608703,Nigeria,Science,66,No,No
3.37,6.2,Yes,Yes,Yes,25.186113863734835,Ghana,Law,34,Yes,No
3.32,5.4,Yes,No,Yes,29.735276234043106,Kenya,Engineering,27,Yes,Yes
4.08,4.7,No,No,Yes,26.235410595148615,Egypt,Engineering,60,No,Yes
,7.7,Yes,No,Yes,,Egypt,IT,39,Yes,Yes
3.11,7.8,Yes,Yes,Yes,23.130455698818153,Unknown,Science,44,No,Yes
3.12,6.3,Unknown,No,Yes,15.947412836979424,Sudan,Science,82,Yes,Yes
3.79,5.8,Yes,No,Yes,27.549165820055958,Kenya,Arts,36,No,Yes
2.95,6.1,No,No,No,29.616544946112093,Kenya,Law,19,Unknown,No
3.14,6.2,No,No,Yes,18.897528286807002,India,Medicine,91,Unknown,Yes
3.3,5.3,No,Yes,Yes,24.961205351269566,Egypt,Arts,45,Yes,Yes
3.09,6.2,No,Yes,No,28.96658867365828,China,Medicine,84,Yes,No
2.78,6.7,Unknown,Yes,Yes,23.56200489341833,Pakistan,Medicine,21,Yes,Yes
3.1,7.5,Unknown,Yes,Yes,29.772414693329072,Ghana,Medicine,23,Unknown,No
3.54,6.5,Yes,No,No,24.438867866570526,Sudan,Arts,94,Yes,No
2.49,4.9,Yes,No,Yes,22.899365877206957,Pakistan,Engineering,89,Yes,Yes
3.07,6.9,Yes,No,Yes,30.00114765176493,Pakistan,Science,95,Yes,Yes
,6.2,No,No,Yes,21.264985055439613,India,Engineering,27,Yes,Yes
3.6,7.9,No,Yes,No,22.100383872700828,Sudan,Law,98,Yes,Yes
2.24,7.9,No,No,Yes,21.417816461130776,Sudan,Arts,72,Yes,Yes
2.72,8.0,No,Yes,No,20.42961892205095,India,Education,19,Yes,Yes
3.19,5.9,Yes,Yes,Yes,25.61213566949755,Kenya,Law,41,Yes,Yes
3.78,8.5,No,Yes,Yes,22.948261592885988,India,Science,26,Unknown,Yes
2.97,6.9,Unknown,No,No,26.95445238566583,Kenya,Science,28,No,Yes
2.72,8.1,Yes,No,Yes,18.0614386578739,China,Business,64,No,No
3.94,6.0,No,Yes,Yes,20.509807637982334,Unknown,Law,68,Yes,Yes
2.28,6.2,Yes,Yes,Yes,25.206316358105482,Kenya,Education,95,No,Yes
1.9,6.8,No,No,No,30.878722388814868,Pakistan,Engineering,80,Yes,Yes
3.22,6.7,No,Yes,Yes,26.51400859567008,Kenya,IT,51,Yes,No
2.75,7.8,Yes,No,Yes,22.64243762059823,Unknown,Education,74,Yes,Yes
2.49,6.3,No,No,Yes,19.041874586478812,Ghana,Law,48,Yes,No
3.35,7.7,No,No,No,22.408615806375625,India,Arts,10,Yes,No
3.12,7.2,No,No,Yes,24.83006350982872,Ghana,Science,73,Unknown,Yes
2.72,6.3,No,No,Yes,15.569232423827643,India,Science,39,Yes,No
2.36,7.2,Yes,No,Yes,20.14651971900834,China,Law,100,Yes,Yes
3.44,6.0,No,No,Yes,22.04977614141211,Egypt,Education,100,Yes,No
3.33,8.9,No,No,Yes,23.970365571260157,Pakistan,Law,19,Yes,No
2.95,3.8,No,Yes,Yes,24.78265408100518,Pakistan,Medicine,64,Yes,Yes
3.92,7.2,Yes,No,Yes,22.55652888717146,Egypt,Law,19,Yes,Yes
2.46,4.7,No,No,No,27.023492728811668,Egypt,Medicine,76,No,No
2.24,6.3,Unknown,No,No,25.49882761212186,India,Education,62,Yes,Yes
2.65,6.4,Yes,No,Yes,23.519746861979282,Pakistan,Arts,13,Yes,Yes
2.98,8.0,No,No,No,27.57510152375173,Pakistan,Arts,25,No,Yes
3.12,10.0,Yes,Yes,Yes,27.247762466040534,Egypt,Engineering,100,No,Yes
2.88,7.8,No,No,No,19.18480579701491,India,Law,89,No,No
3.18,5.3,Yes,No,Yes,24.87188972336542,Kenya,Education,92,No,Yes
2.37,7.8,No,No,Yes,28.561042125868802,Kenya,Education,42,Yes,Yes
3.72,6.0,No,No,No,29.229957117208713,Unknown,Engineering,39,Yes,Yes
2.96,6.6,No,Yes,No,26.483635162541148,Nigeria,IT,30,No,No
3.56,6.2,No,No,Yes,24.066845753014427,Sudan,Education,5,No,Yes
3.17,7.8,No,Yes,Yes,26.685279176929743,China,Business,81,Yes,No
3.23,7.6,No,Yes,Yes,28.231093725167135,India,Arts,18,Yes,Yes
3.28,6.9,Yes,No,Yes,25.463327796038257,Kenya,Science,21,No,No
,5.3,Yes,Yes,Yes,25.914416582313685,Sudan,Medicine,86,Yes,Yes
3.32,5.8,No,No,Yes,24.000787382658725,Sudan,Business,50,Yes,Yes
3.66,5.5,Yes,Yes,No,19.65285919566528,Sudan,Science,6,Yes,Yes
3.1,4.3,No,Yes,Yes,24.302543518991378,Egypt,Business,50,No,No
3.35,7.8,Unknown,No,Yes,22.291544216477863,Unknown,Engineering,80,Unknown,No
2.96,6.2,Yes,No,Yes,22.304314489347835,Nigeria,Engineering,66,Yes,Yes
3.72,6.2,No,No,Yes,30.735337956640628,India,Medicine,1,Yes,No
2.66,8.0,No,No,Yes,28.806229510921998,Unknown,Arts,57,Yes,No
3.9,6.0,No,No,Yes,18.22600363665971,Ghana,IT,30,Yes,Yes
2.98,5.7,Unknown,Yes,No,20.66048489489464,Unknown,Education,58,Yes,Yes
2.28,6.3,No,Yes,No,23.545751821789725,Ghana,Medicine,52,Yes,Yes
3.06,5.4,Yes,Yes,Yes,22.437471079456152,Nigeria,IT,37,Yes,Yes
2.66,6.8,No,No,Yes,26.269673094015165,India,Science,48,No,No
3.42,6.1,No,No,Yes,20.025659688771192,Egypt,Education,87,No,No
2.67,6.0,No,No,No,28.83412784519446,Sudan,Business,1,Yes,No
2.78,,Yes,No,No,24.823977820232695,India,Medicine,19,Yes,Yes
2.06,6.4,Yes,No,Yes,23.63795182115529,Egypt,IT,46,Unknown,Yes
2.77,6.6,No,Yes,Yes,24.94272222913691,India,Law,105,Yes,No
1.79,6.0,No,Yes,No,23.329967705939872,Egypt,Law,2,No,No
2.21,6.1,No,No,Yes,16.877429717095588,India,Arts,56,Yes,No
3.38,6.4,No,No,Yes,25.047703923085905,Unknown,IT,17,No,No
3.39,6.3,No,No,No,23.717014445461768,Unknown,Medicine,92,No,No
3.21,6.5,No,Yes,No,21.182171949388987,Unknown,Science,82,No,Yes
2.52,5.8,Yes,No,Yes,29.389719325666327,Sudan,Law,97,No,Yes
2.98,7.5,Yes,Yes,Yes,27.67775205357291,China,Arts,79,Unknown,No
3.0,6.6,Yes,Yes,Yes,34.755426826317006,Pakistan,Medicine,22,Yes,Yes
2.42,6.0,Unknown,No,Yes,28.33931400476981,Ghana,Arts,27,Yes,Yes
3.75,6.8,No,Yes,Yes,15.0,Unknown,Science,55,Yes,Yes
3.44,6.4,No,No,Yes,21.376842485592853,China,Law,32,No,No
2.89,4.8,No,Yes,No,23.02277759485458,Ghana,Education,60,No,Yes
3.01,6.8,No,No,No,22.33348553728542,India,Law,83,Yes,Yes
,5.5,No,No,Yes,25.435133455415862,Nigeria,Law,28,Yes,Yes
1.98,7.4,No,Yes,Yes,18.844810491364,Egypt,IT,28,No,No
2.88,6.3,Yes,No,Yes,27.589146256184126,China,Engineering,74,Yes,No
2.66,7.3,Yes,Yes,Yes,25.36478547748571,Kenya,IT,84,Yes,Yes
2.5,5.9,No,No,Yes,27.12985723115478,China,Law,25,No,No
2.86,6.6,Unknown,Yes,Yes,20.42341409188991,Unknown,Business,85,Yes,Yes
3.9,7.7,No,Yes,No,25.986755081344224,Unknown,Engineering,78,Yes,Yes
3.32,6.2,No,Yes,Yes,30.196706323478544,China,Education,86,Yes,No
2.71,5.9,No,Yes,No,21.557970995599135,Egypt,Medicine,26,Yes,No
3.29,7.2,Yes,No,No,21.448577170091173,Ghana,IT,75,Yes,No
3.7,7.1,Yes,Yes,Yes,27.84782986686906,India,Engineering,71,Yes,No
3.46,6.0,Yes,Yes,Yes,21.123795793849666,Kenya,Engineering,17,Yes,Yes
3.03,4.5,No,No,No,24.066864067370922,India,IT,82,Yes,Yes
2.68,,Yes,Yes,No,50.0,Sudan,IT,7,Yes,Yes
3.35,,No,No,Yes,21.505324432309497,Egypt,Engineering,56,Yes,Yes
3.2,5.7,No,No,Yes,31.17776839549706,Unknown,Arts,64,Unknown,Yes
3.45,6.5,No,No,Yes,23.656873032183476,Sudan,Education,20,Yes,No
3.32,5.8,Yes,No,No,20.5151946926446,India,Business,38,No,Yes
3.52,4.6,No,No,Yes,27.41481662049051,India,Science,75,No,No
2.73,10.0,No,Yes,Yes,25.43099253850427,Kenya,Law,58,Yes,No
3.66,7.2,No,No,No,25.052721043546757,Pakistan,Education,-5,No,No
,4.1,No,No,Yes,21.925126957926537,India,IT,51,Yes,Yes
4.04,6.8,Yes,No,Yes,25.40181180180846,Ghana,Engineering,27,No,Yes
2.66,,No,No,Yes,16.7294777836466,Ghana,Science,51,Yes,Yes
3.87,7.1,No,No,No,25.875058947139085,China,IT,75,No,Yes
3.1,7.2,No,No,Yes,30.188996800744214,Kenya,Arts,16,Yes,No
2.67,6.3,No,No,Yes,,Kenya,Science,87,No,Yes
2.76,6.3,No,No,Yes,23.372899134824443,Unknown,Engineering,60,Yes,Yes
2.84,5.7,Yes,No,Yes,21.501440743407784,India,Education,76,No,No
3.21,5.2,No,Yes,Yes,18.955783864348536,Pakistan,Medicine,40,Yes,Yes
3.26,8.2,No,No,Yes,16.788502318603058,Sudan,Education,67,No,No
2.71,5.6,No,No,Yes,20.276656332031457,Kenya,Education,2,Yes,No
,8.1,No,Yes,No,24.03049353845437,China,Business,48,Yes,No
4.07,5.6,Unknown,Yes,No,29.59654819387414,China,Science,52,No,Yes
3.86,7.0,No,No,Yes,18.909141960837978,India,IT,24,Unknown,Yes
3.22,5.4,Yes,Yes,Yes,26.177571036544826,India,Engineering,93,Yes,No
3.02,7.0,No,Yes,Yes,25.87856634646806,Nigeria,IT,98,Unknown,Yes
3.06,6.2,No,No,No,31.6878518402931,Nigeria,Engineering,84,No,No
3.31,6.2,No,Yes,Yes,27.284125857588588,India,Law,82,No,No
2.49,7.1,No,No,Yes,27.514397972121518,Egypt,Medicine,78,Yes,No
2.87,6.0,No,Yes,Yes,27.797201598871602,Ghana,Law,82,Yes,Yes
2.17,5.1,Yes,Yes,Yes,21.303071938723225,Ghana,Education,2,No,Yes
3.2,7.3,No,No,Yes,22.708709905678237,Unknown,Medicine,65,Yes,No
3.32,5.4,No,No,Yes,29.467472649082953,Pakistan,Business,20,Yes,Yes
2.76,7.0,No,Yes,Yes,,China,Law,34,Yes,Yes
3.79,7.5,No,Yes,No,,Ghana,Business,41,Yes,Yes
2.39,,No,No,Yes,19.676762952552004,Egypt,IT,41,No,No
2.27,7.7,Yes,Yes,Yes,25.936976168157084,India,Education,75,No,No
3.11,7.0,No,Yes,Yes,23.313565658755522,Kenya,Arts,91,Yes,Yes
3.52,5.8,No,Yes,Yes,27.50388189995487,Egypt,Arts,23,Yes,Yes
,7.9,Yes,No,Yes,24.564019357154475,Unknown,Medicine,38,Yes,No
2.77,5.4,Yes,No,Yes,18.81563071878531,Egypt,Medicine,44,Yes,No
3.54,6.1,No,No,Yes,19.000529442949933,Kenya,Law,67,Yes,Yes
2.98,6.3,Yes,No,Yes,24.97580592544366,Sudan,Arts,62,No,Yes
2.91,7.1,No,No,Yes,21.915460131065487,Nigeria,Science,12,No,No
3.44,7.6,Yes,No,Yes,22.869464588890608,Sudan,Science,30,Yes,No
3.33,7.6,Yes,No,No,28.75366168715646,China,IT,95,No,No
2.21,6.7,No,Yes,Yes,28.036130707468875,China,Science,87,Yes,No
3.74,6.2,No,No,Yes,32.19093536230943,Ghana,IT,65,No,Yes
,4.7,No,No,Yes,23.734657821039743,Kenya,Arts,41,Yes,Yes
2.69,5.2,No,No,Yes,22.435413462188535,China,Science,20,No,No
3.2,8.3,No,Yes,Yes,26.67275585771564,Ghana,Business,6,Yes,No
3.25,4.7,No,Yes,Yes,22.7568221230401,Unknown,Engineering,75,Yes,No
3.13,,No,No,No,22.88775554789705,Ghana,Medicine,99,Yes,No
2.72,7.6,No,No,Yes,24.191593624272656,Sudan,Education,4,Yes,Yes
,6.7,Yes,No,Yes,31.610995823267515,India,Law,93,Yes,Yes
2.99,7.4,Yes,Yes,No,27.815863220514508,Pakistan,IT,10,Yes,No
3.59,7.0,No,No,No,28.2352816091114,Sudan,Business,51,Yes,No
3.27,8.0,No,No,Yes,31.431417347232987,Egypt,Science,93,No,No
2.81,6.8,Yes,No,Yes,60.0,India,Education,38,Yes,No
3.39,7.2,Yes,No,Yes,20.47437755945985,Nigeria,Education,1,No,No
1.58,5.8,Yes,No,Yes,28.549529456564535,Sudan,Engineering,8,Yes,Yes
3.57,7.1,No,No,Yes,29.05701942846103,Sudan,Law,81,Unknown,Yes
2.13,6.1,No,No,Yes,27.607459410772382,Egypt,Business,83,Unknown,Yes
2.82,6.0,Yes,No,No,24.218232504828464,Pakistan,Law,63,Yes,Yes
2.44,7.4,No,Yes,Yes,27.185326824007003,Egypt,IT,33,No,Yes
2.35,7.4,No,Yes,Yes,24.919041114809414,Ghana,IT,15,Yes,Yes
3.58,8.2,No,No,Yes,21.0876464950062,Nigeria,Medicine,31,Unknown,Yes
2.77,8.1,Yes,No,No,22.08146541865937,China,Arts,21,Yes,Yes
3.17,7.4,No,No,Yes,27.814891275597127,Unknown,IT,3,Yes,Yes
2.98,4.8,No,No,Yes,21.37671928230863,China,Science,66,Yes,Yes
3.24,8.3,No,Yes,Yes,21.753785826094944,Pakistan,Education,35,Yes,Yes
3.04,7.4,Yes,No,Yes,28.01353783993877,Pakistan,Business,41,Yes,No
2.36,5.7,No,No,Yes,25.53515625146042,Egypt,Business,59,No,Yes
3.5,7.2,No,Yes,Yes,27.30877326875091,Ghana,Engineering,16,Yes,Yes
2.75,5.5,No,Yes,Yes,20.083928253787256,Kenya,Education,56,Yes,Yes
2.22,7.1,Yes,No,Yes,27.197718029743054,Ghana,Engineering,45,Yes,No
2.79,5.2,No,Yes,Yes,22.35988740435703,Pakistan,Engineering,59,Yes,Yes
3.75,,Yes,No,Yes,20.93246405780862,Pakistan,Education,50,Yes,No
3.43,7.2,No,Yes,Yes,22.978620431198813,Sudan,Law,85,No,Yes
2.83,7.6,No,No,Yes,30.44825982770991,Kenya,Science,12,Yes,Yes
2.83,6.8,No,No,Yes,23.542183460204235,Pakistan,Law,92,Yes,Yes
2.84,6.2,No,No,Yes,33.80556284915174,Kenya,Science,12,Yes,Yes
4.04,4.4,No,No,No,16.75128758100741,Nigeria,Business,33,Yes,No
3.19,6.3,No,No,Yes,18.81488832407435,Unknown,IT,84,No,No
3.22,7.0,No,Yes,Yes,30.296740948582233,Egypt,IT,49,Yes,No
3.52,6.2,Yes,Yes,Yes,31.302418236622934,Pakistan,Law,21,Yes,Yes
3.12,6.5,No,No,No,21.546171051246425,Nigeria,Law,60,Yes,Yes
2.87,6.3,No,No,No,25.275574466891417,Ghana,Law,52,Yes,No
2.9,6.2,No,No,Yes,27.848759674013106,Egypt,Arts,54,Yes,Yes
2.96,6.6,No,Yes,Yes,24.082497250540982,Kenya,Medicine,39,Yes,Yes
2.98,6.2,No,Yes,Yes,25.59946836555111,Egypt,Education,49,No,Yes
3.36,7.9,No,Yes,Yes,25.043732052972757,China,Science,64,Yes,Yes
3.03,4.3,Unknown,No,No,19.074212081388836,Sudan,IT,100,Yes,No
3.37,6.0,No,No,Yes,23.621354856151925,Kenya,Science,86,Yes,No
2.96,10.0,No,No,Yes,25.04946038054613,Nigeria,Law,26,Yes,No
3.04,6.7,Unknown,No,No,25.412487336432225,Pakistan,Arts,71,Yes,Yes
2.0,6.6,Yes,Yes,No,18.077975565523637,Kenya,Law,7,No,Yes
3.46,8.1,Yes,Yes,Yes,28.014775598216044,India,Science,72,No,Yes
3.17,,No,Yes,Yes,25.51797461158438,China,Medicine,62,Yes,Yes
3.5,5.7,No,No,Yes,20.778455114633065,Nigeria,IT,90,Yes,Yes
1.55,6.5,No,Yes,No,32.19625693609461,Ghana,Medicine,88,Yes,No
4.04,6.7,No,No,No,23.613661673524724,India,Education,24,Yes,No
2.93,5.7,Yes,Yes,Yes,23.87341047098028,Kenya,Business,40,No,Yes
3.55,7.1,No,No,Yes,27.566836980765306,Sudan,Arts,76,No,No
2.48,,Yes,No,No,32.53600455027943,India,Medicine,47,Unknown,No
3.31,5.4,Yes,No,Yes,27.72415838417809,Egypt,Arts,8,Yes,Yes
,,No,No,Yes,,Kenya,Law,54,Yes,No
2.69,5.5,Yes,No,No,20.99351253803841,Nigeria,Business,9,No,Yes
3.96,7.5,No,Yes,Yes,25.347838808148676,Kenya,Science,3,No,Yes
2.9,8.4,No,No,Yes,22.8709530953137,Sudan,Medicine,54,No,Yes
3.11,,No,No,No,27.816519392197105,Unknown,Medicine,21,Yes,No
3.44,6.6,Yes,Yes,No,28.1878631820397,Egypt,Engineering,95,Yes,Yes
,6.7,No,Yes,Yes,31.532918066079763,Pakistan,IT,48,Yes,Yes
3.08,7.7,Yes,No,Yes,16.366632332443476,Kenya,Science,47,Yes,Yes
3.18,7.7,Unknown,No,Yes,22.47768735073472,Sudan,Medicine,88,Yes,Yes
4.2,6.4,No,No,Yes,30.200995777008167,India,Medicine,68,No,No
,6.8,No,No,Yes,19.393880612269925,India,Science,84,Yes,No
3.1,7.2,Yes,Yes,No,28.222604131574688,Nigeria,Business,63,Yes,Yes
3.53,5.4,Unknown,Yes,Yes,29.536002003259,Egypt,Arts,16,No,Yes
3.55,7.7,No,No,Yes,24.88664061853416,India,Science,74,Yes,Yes
3.59,8.2,Yes,Yes,Yes,19.314141251373897,Pakistan,Arts,90,No,Yes
3.32,7.7,No,No,No,24.513921287199047,Unknown,Business,93,Yes,Yes
2.43,5.3,Unknown,No,Yes,30.834725349834894,Unknown,Business,5,Yes,Yes
3.82,4.5,Yes,Yes,Yes,31.156069501021662,Nigeria,Education,11,Unknown,Yes
2.43,7.2,Yes,No,Yes,25.831521507110764,Kenya,Law,29,Unknown,No
3.15,5.7,Unknown,Yes,Yes,21.091049245140958,India,Engineering,79,Yes,No
2.62,6.8,Yes,No,Yes,31.953588776197645,Sudan,Business,70,No,Yes
2.97,8.0,Yes,Yes,Yes,28.283691516438836,Ghana,Education,48,Yes,Yes
3.16,5.8,No,No,Yes,21.353960125292513,Unknown,Education,15,Yes,No
,,No,Yes,Yes,26.370075884562034,Nigeria,Education,84,Yes,Yes
,6.8,No,No,Yes,26.18699392391263,Kenya,Business,34,Yes,No
,5.2,Unknown,No,Yes,22.45281959380177,China,Arts,105,No,No
3.23,5.7,No,Yes,Yes,26.39242725885884,Nigeria,Business,62,No,Yes
2.88,6.5,Yes,No,Yes,29.424747352495526,Sudan,Science,2,Unknown,Yes
3.48,6.2,Unknown,Yes,Yes,23.815003204943043,Ghana,Law,80,No,No
3.59,7.1,No,No,Yes,29.833076366352216,Unknown,Law,19,Yes,Yes
2.39,9.3,Yes,Yes,Yes,17.978581722719344,Egypt,Science,98,No,Yes
3.3,6.6,No,No,Yes,33.87306797248347,Unknown,Medicine,49,Unknown,No
3.35,5.7,No,Yes,Yes,25.229405079918727,China,Business,78,No,Yes
2.85,,Yes,No,Yes,29.29208397921449,China,IT,88,No,Yes
3.69,4.9,Yes,Yes,No,25.874445946138824,Unknown,Engineering,28,Unknown,No
2.92,5.1,No,No,No,21.705909532572093,Egypt,Education,48,Yes,Yes
3.06,5.9,No,Yes,Yes,24.854493505361983,Nigeria,Business,96,No,Yes
2.91,6.2,No,No,Yes,17.36211592839497,Egypt,Law,37,No,No
,5.9,Unknown,No,Yes,27.753547722851238,India,Engineering,74,Unknown,Yes
2.45,6.5,Yes,Yes,Yes,25.775058314579283,Unknown,IT,49,Yes,No
2.28,6.8,Yes,No,Yes,24.233771366127023,Unknown,Medicine,48,Yes,No
3.8,7.6,Yes,Yes,Yes,28.01079828430255,Egypt,Arts,73,No,Yes
2.58,6.6,Yes,Yes,Yes,25.15009304637277,Pakistan,Arts,88,Yes,Yes
2.5,5.9,Yes,No,No,27.427319489130298,Pakistan,IT,100,No,Yes
1.92,7.5,No,No,Yes,28.849266315520577,Sudan,Business,29,Yes,Yes
2.68,5.7,Unknown,No,No,22.803087442018406,Pakistan,Business,60,Yes,Yes
2.34,4.9,Unknown,Yes,No,21.6583588704327,China,Engineering,29,Yes,No
3.82,7.7,Yes,Yes,Yes,18.10975970099012,India,Engineering,58,Yes,Yes
3.5,7.6,No,Yes,Yes,,Unknown,Medicine,48,Yes,Yes
2.66,5.7,No,No,Yes,26.80838915380275,China,Business,23,Yes,No
4.13,6.1,Yes,No,Yes,19.705538406043843,Sudan,Law,27,Yes,Yes
3.49,5.6,No,No,Yes,30.6815193921134,Ghana,Arts,95,Yes,No
2.84,6.8,No,Yes,Yes,21.710658114589105,India,Medicine,7,Yes,Yes
1.75,8.2,Yes,Yes,Yes,16.585999633097998,Pakistan,Education,49,Yes,Yes
4.15,7.2,No,Yes,No,30.979291599569308,Kenya,Engineering,54,Yes,No
2.31,7.5,Yes,Yes,Yes,17.10794000006064,Nigeria,Education,68,No,No
2.18,7.3,No,Yes,No,28.8567150935337,Unknown,Law,78,Yes,No
3.51,6.5,No,No,Yes,60.0,Ghana,Business,42,Yes,No
4.22,7.6,Unknown,No,No,26.278216404879508,Nigeria,Science,74,No,No
3.69,7.2,Yes,No,Yes,22.908900207133744,Egypt,Engineering,59,Yes,Yes
3.28,7.9,No,No,Yes,27.01118917810231,Egypt,Medicine,44,Unknown,Yes
,6.0,No,Yes,No,29.193939494818203,India,Science,98,No,No
3.43,4.8,No,No,Yes,21.056758014098108,India,Law,26,Yes,No
3.38,7.5,No,Yes,Yes,28.905494691917934,India,Education,23,Yes,No
3.14,6.8,No,No,Yes,28.723498047748976,China,IT,73,Yes,Yes
3.05,6.2,No,No,Yes,26.17220436368622,China,Arts,8,Yes,Yes
2.97,6.3,Unknown,Yes,Yes,22.84810048767555,Egypt,IT,53,Yes,No
2.62,9.1,No,No,No,28.741829459395102,India,IT,14,Yes,Yes
2.86,2.0,No,Yes,Yes,27.033251824650094,Sudan,IT,71,No,No
2.15,5.6,No,No,Yes,20.93616134722173,India,Law,7,Yes,No
2.95,6.6,No,No,No,23.53057676492701,Unknown,Arts,9,Yes,Yes
2.51,7.7,No,Yes,Yes,28.2762197536828,Unknown,Law,3,No,No
2.45,8.8,No,No,Yes,25.458322468403377,Kenya,IT,78,Yes,No
3.09,7.2,No,No,No,29.3439315777813,Egypt,Engineering,17,Yes,Yes
3.7,5.2,No,No,Yes,23.633413217406414,India,IT,44,Yes,No
3.46,8.5,Yes,Yes,Yes,21.0004188310076,Pakistan,Engineering,86,Yes,Yes
2.21,6.5,Unknown,No,Yes,33.77441046244029,Nigeria,Medicine,46,Unknown,No
2.51,5.7,No,Yes,Yes,18.276419669014036,India,IT,90,Yes,Yes
3.47,,Yes,Yes,Yes,23.000641610393345,Sudan,Science,58,Yes,No
2.51,7.3,No,Yes,Yes,26.11899200279994,Kenya,Law,28,Yes,Yes
2.89,,Yes,Yes,No,,India,IT,14,Yes,Yes
3.28,6.8,Yes,Yes,Yes,27.585797474169045,Nigeria,Law,9,Yes,No
2.52,7.8,Yes,No,Yes,34.24503601977152,Nigeria,Education,26,No,Yes
3.05,5.7,No,Yes,No,24.529606189367474,China,IT,2,Unknown,Yes
2.33,7.9,No,Yes,Yes,21.508066954597894,Sudan,Science,75,Yes,No
2.7,,No,Yes,No,24.121215903134203,Sudan,IT,81,Yes,No
3.16,10.0,No,No,Yes,23.7200938825959,Pakistan,Business,34,No,Yes
2.2,7.1,No,No,No,24.726819410839443,Sudan,Medicine,19,Yes,No
3.22,5.6,No,Yes,Yes,21.07004750840288,Kenya,Education,39,Yes,Yes
2.99,4.5,No,Yes,Yes,28.13622415300143,Pakistan,Law,82,Yes,Yes
3.28,7.3,No,Yes,Yes,26.483320837344838,China,Education,13,Yes,Yes
3.11,6.1,Yes,Yes,Yes,19.944476683703556,Sudan,Medicine,5,Yes,No
3.68,6.3,Yes,Yes,No,28.872100303482338,China,Law,50,No,No
3.06,7.3,No,No,Yes,21.754073852061982,Nigeria,Law,23,No,No
2.79,7.5,No,Yes,Yes,20.268737990782846,India,Business,88,Yes,No
3.06,7.7,Yes,No,No,25.349314815686597,Sudan,IT,29,Yes,Yes
3.27,5.3,Yes,Yes,Yes,17.96862620240276,Nigeria,Engineering,72,Unknown,Yes
3.02,7.9,Unknown,No,Yes,27.35801219950899,India,Medicine,26,Yes,Yes
3.02,5.9,No,No,Yes,13.644638676867226,India,Science,79,No,Yes
2.65,4.2,No,No,Yes,20.88254924004545,Nigeria,Medicine,57,Yes,Yes
2.67,5.3,No,Yes,Yes,31.300549284351646,Unknown,IT,1,Yes,No
2.3,6.7,No,Yes,No,22.253363163306727,Pakistan,Business,28,Yes,Yes
3.87,5.5,Unknown,No,Yes,22.953659179174807,Unknown,Arts,62,No,Yes
2.38,6.4,Unknown,No,Yes,30.094660216521753,Egypt,Education,47,Yes,Yes
2.65,6.8,Yes,No,No,21.828545579710728,Ghana,Arts,78,Yes,No
2.64,6.3,No,No,Yes,28.053752725557906,India,Business,98,Yes,No
3.45,6.0,Yes,No,Yes,29.696752660237287,Pakistan,Education,59,No,Yes
2.85,5.2,Yes,Yes,Yes,26.914121256599614,India,IT,31,Unknown,Yes
3.62,6.5,No,No,Yes,19.22041070814296,Kenya,Business,70,Unknown,No
2.66,4.4,No,Yes,Yes,22.584056563136496,Egypt,Engineering,49,Unknown,Yes
3.14,5.8,Unknown,Yes,Yes,35.85447911011599,Egypt,Medicine,5,Yes,No
2.58,5.6,Yes,No,Yes,23.037905389873707,Kenya,IT,31,Yes,No
4.07,6.3,No,Yes,No,36.94531750230571,Nigeria,Education,37,Yes,Yes
2.41,6.3,Unknown,No,Yes,31.835856208119573,Pakistan,Medicine,79,Yes,Yes
3.15,7.5,Unknown,Yes,No,,China,Arts,15,No,No
3.32,8.1,Yes,No,Yes,26.188937089990066,Pakistan,IT,52,No,Yes
3.21,5.4,No,No,Yes,23.140706579491596,Unknown,Science,69,Yes,Yes
2.91,8.5,No,No,Yes,24.644349636386153,China,Medicine,92,No,No
2.94,5.7,Yes,Yes,No,22.245103373902907,Egypt,Law,97,Unknown,No
,6.7,Unknown,No,Yes,24.74549438472159,Egypt,Education,11,Yes,No
2.93,7.0,Unknown,No,Yes,,Nigeria,Law,43,Yes,No
3.48,8.9,Yes,No,No,19.336915947776703,Ghana,Engineering,70,Yes,Yes
4.11,6.0,Yes,Yes,Yes,30.204062650618837,Pakistan,Education,23,Yes,Yes
2.72,4.7,Yes,No,No,,Nigeria,IT,40,Yes,No
2.32,8.0,Unknown,No,Yes,28.544552613976528,China,Education,63,Yes,Yes
2.96,5.7,Yes,No,No,17.42247121629637,Kenya,Engineering,2,Yes,Yes
4.29,6.1,No,No,No,60.0,India,Education,79,Unknown,No
2.6,5.4,No,No,Yes,24.16966261942784,Unknown,IT,87,Yes,Yes
3.82,6.1,No,Yes,Yes,30.285264811213615,India,Arts,86,Yes,Yes
3.84,5.7,Yes,Yes,Yes,23.672022164479696,Pakistan,Science,73,Unknown,Yes
2.72,7.2,Yes,Yes,No,16.961839779314133,Kenya,Science,47,Yes,Yes
3.28,6.6,Unknown,No,Yes,24.247854856453326,Egypt,Business,30,Yes,Yes
3.81,5.8,Unknown,No,Yes,25.638642262191702,Nigeria,Engineering,16,No,Yes
2.81,7.5,No,Yes,Yes,24.472089431872842,China,IT,59,Yes,Yes
2.9,6.8,Yes,No,Yes,27.30043128395908,Nigeria,Medicine,47,No,No
2.71,4.7,No,No,Yes,22.742447605177105,China,Law,30,Yes,No
2.49,7.4,No,No,Yes,19.946387349817574,Ghana,Medicine,9,Yes,Yes
2.68,6.7,Yes,Yes,Yes,,Ghana,Law,65,Yes,No
2.39,7.9,Unknown,Yes,Yes,22.93693062188185,Nigeria,Arts,59,Yes,Yes
3.02,,No,Yes,Yes,22.902605535006586,China,Law,64,No,Yes
2.62,5.7,Yes,Yes,Yes,34.624489432013085,China,Medicine,8,No,No
3.12,6.3,Unknown,Yes,No,30.020421666332336,India,Education,52,Unknown,Yes
2.22,7.3,Unknown,Yes,No,15.0,Nigeria,Medicine,18,No,No
3.17,5.7,Yes,No,Yes,,Sudan,Science,91,Yes,Yes
3.42,6.1,No,Yes,Yes,26.199088942408547,Pakistan,IT,82,No,No
2.0,6.3,No,No,Yes,26.220002180838915,Egypt,Science,96,No,Yes
3.19,5.4,No,Yes,Yes,25.65314421232053,Ghana,Engineering,58,No,No
3.61,5.7,Yes,Yes,Yes,25.160476329746313,Sudan,Education,49,No,Yes
2.4,6.7,No,Yes,Yes,16.63254362179653,Ghana,Medicine,32,Yes,No
3.84,7.7,Unknown,Yes,Yes,23.523490907710027,Kenya,Education,48,Yes,Yes
3.21,6.8,No,No,No,24.038796779407008,Ghana,Education,45,No,Yes
2.65,6.5,Yes,Yes,Yes,22.004107610919817,Ghana,IT,54,Yes,No
2.97,5.7,No,No,Yes,22.77561225508479,India,Arts,100,Yes,Yes
3.28,7.6,No,No,Yes,26.20299606872318,Sudan,Law,100,No,No
,6.9,No,No,No,28.070360307799838,Kenya,Engineering,85,Yes,No
3.27,5.8,No,No,Yes,15.0,China,Business,46,Yes,Yes
2.54,7.4,Yes,No,Yes,27.969776954587825,China,Education,96,Yes,No
3.08,7.1,Yes,Yes,Yes,28.04043212325876,Kenya,Business,31,No,Yes
2.29,5.7,No,No,Yes,23.801177625888585,Unknown,IT,37,Yes,No
2.94,6.4,Yes,Yes,Yes,27.1012298500086,Nigeria,Law,16,No,Yes
2.55,6.0,No,Yes,Yes,18.01451008150528,Unknown,Law,46,Yes,Yes
2.63,9.1,Yes,No,Yes,23.46269909256491,Sudan,IT,46,Yes,No
3.62,7.0,No,No,Yes,22.9925936421348,Ghana,Law,78,Yes,No
,6.7,No,No,Yes,31.12530720925693,China,Science,88,No,Yes
3.3,7.0,Unknown,Yes,No,26.348349170934725,India,Law,89,Yes,No
2.45,7.9,Unknown,No,Yes,19.662183675388334,Unknown,Business,61,Unknown,Yes
2.84,6.4,Yes,Yes,No,27.37833521910223,Ghana,Law,46,Unknown,Yes
3.61,5.9,No,Yes,Yes,28.63913338040465,Egypt,Medicine,51,No,Yes
3.07,7.3,Yes,Yes,Yes,24.641344313841465,Nigeria,IT,62,Unknown,Yes
4.16,6.3,No,No,Yes,27.761023716491213,Kenya,Arts,35,Yes,Yes
3.2,5.4,No,Yes,Yes,15.01717046487014,Ghana,Business,81,Yes,Yes
3.1,5.2,Unknown,No,No,14.202710602270802,Nigeria,Arts,42,No,No
2.85,8.0,Unknown,No,No,20.28532305480991,Nigeria,Business,45,No,No
3.07,6.6,No,No,Yes,25.59615880249999,China,Education,68,No,No
2.92,5.9,No,No,Yes,31.128655078434186,China,Engineering,75,No,Yes
3.35,6.3,No,No,Yes,20.494289244468977,Sudan,Medicine,47,Unknown,Yes
,7.3,No,No,Yes,21.585290366848252,Egypt,Business,79,Yes,No
2.61,6.2,Yes,No,Yes,25.354425562898996,Kenya,Education,30,No,No
2.33,5.1,No,Yes,Yes,23.03072482008386,Nigeria,Medicine,105,No,Yes
2.08,6.8,No,No,No,22.803236922812705,Sudan,Business,66,No,No
3.25,7.7,Yes,No,Yes,23.31410065027483,Unknown,Arts,43,Yes,No
2.45,7.6,Yes,Yes,No,30.25915396607607,Pakistan,Arts,34,No,No
1.92,5.9,Yes,Yes,No,29.464537154952488,Nigeria,IT,23,Unknown,No
3.19,7.8,No,No,No,25.093877289170464,Sudan,Business,61,Yes,No
,6.7,Yes,Yes,Yes,31.617921095678575,Egypt,Business,95,No,Yes
3.0,7.7,Yes,No,Yes,27.036113416271903,China,Science,37,Yes,No
3.42,7.1,Yes,Yes,Yes,29.615576538153963,Nigeria,Medicine,13,Unknown,No
3.04,,No,No,Yes,21.557813709805487,Nigeria,Medicine,97,Yes,Yes
2.95,8.2,No,Yes,Yes,22.38529178500777,Ghana,Medicine,71,Yes,Yes
3.46,6.6,No,No,No,22.342470834016126,Egypt,Medicine,96,Yes,Yes
,7.1,No,No,No,24.653111003434,Kenya,Engineering,7,No,No
3.13,5.2,Unknown,No,No,25.239652948365045,China,Engineering,42,Yes,No
3.16,7.0,Yes,No,No,26.296709234387983,Nigeria,Education,38,No,Yes
4.5,7.6,Yes,Yes,Yes,32.89241947232762,Unknown,Law,52,Unknown,Yes
3.5,8.4,Yes,Yes,Yes,27.885112516996195,China,Business,44,No,Yes
2.91,7.9,Yes,Yes,Yes,22.94083320200137,Unknown,Business,64,Yes,No
2.62,7.1,No,No,Yes,24.986902483776706,Pakistan,Business,13,Unknown,No
3.27,5.0,Unknown,Yes,No,31.01976875646082,Kenya,Business,88,No,No
2.55,6.6,No,Yes,Yes,28.127519370416486,Pakistan,Medicine,28,Yes,Yes
3.01,5.9,No,No,Yes,30.96712865369624,Nigeria,Medicine,96,Yes,Yes
3.0,6.7,Unknown,No,Yes,23.0692669454106,Ghana,Engineering,82,Yes,Yes
3.54,5.3,Yes,No,Yes,22.153353845694777,Kenya,Arts,98,No,Yes
,6.3,Yes,Yes,Yes,22.21182119456231,Ghana,Science,98,Yes,No
2.99,6.0,No,Yes,No,23.39205403545546,Sudan,Medicine,1,Yes,No
3.41,6.0,No,No,Yes,20.746867960918024,Egypt,Medicine,43,No,No
3.7,6.0,Yes,Yes,Yes,26.18077224683368,Sudan,IT,42,Yes,No
3.28,6.4,No,No,Yes,26.24954897364658,Pakistan,Medicine,95,No,Yes
3.01,6.8,No,No,Yes,30.35511188168425,Unknown,Arts,50,No,No
2.34,4.0,No,No,Yes,,Pakistan,Arts,60,Yes,No
,,No,Yes,No,21.22348977415032,Kenya,Engineering,1,No,No
2.85,,No,No,Yes,28.222321898122907,Kenya,Medicine,51,Yes,Yes
0.5,6.3,Yes,No,Yes,25.733892474846268,Pakistan,Education,16,Yes,Yes
2.91,6.7,No,No,Yes,25.17920982555176,Nigeria,IT,-5,No,Yes
3.03,5.8,Yes,Yes,Yes,30.055415359640484,Pakistan,Science,15,Yes,No
3.26,6.5,Unknown,Yes,Yes,20.96018318929536,Kenya,Business,33,Unknown,Yes
2.96,6.6,No,Yes,Yes,22.08508242938391,Kenya,Medicine,87,Yes,Yes
3.24,5.8,No,No,Yes,21.613952622225558,China,Engineering,53,Yes,No
3.03,7.5,No,No,No,16.948367824426576,India,Engineering,98,Unknown,No
,6.7,No,Yes,Yes,25.53127013366506,Ghana,Education,17,Yes,Yes
2.53,7.0,No,No,Yes,22.908589651854854,Sudan,Science,89,No,Yes
2.93,6.6,No,Yes,Yes,22.06839676603289,Pakistan,IT,6,Yes,No
2.4,2.0,No,No,Yes,21.34629949473079,China,Law,31,No,Yes
3.3,7.1,No,No,No,24.929013230326426,Nigeria,Engineering,69,Yes,No
3.77,6.0,Yes,Yes,No,21.805841941764957,Kenya,Arts,40,Yes,Yes
3.61,7.3,No,Yes,Yes,25.886270110432957,Pakistan,Arts,30,Yes,No
2.89,4.9,No,Yes,No,26.836720669339453,Kenya,Business,69,Yes,Yes
3.75,6.6,Yes,No,No,23.821689438000018,Unknown,Engineering,76,No,Yes
3.07,6.8,Yes,No,No,23.550129440962298,China,IT,7,Yes,No
2.83,6.6,No,No,Yes,25.74196400127396,Pakistan,Business,13,Yes,Yes
2.69,6.2,Yes,Yes,Yes,24.88460111946293,Unknown,Engineering,4,Yes,Yes
2.85,5.5,No,No,Yes,30.320637421418912,China,Science,50,No,Yes
2.81,5.7,No,Yes,No,26.27306215024082,Pakistan,Medicine,3,No,No
3.09,6.6,No,No,Yes,29.382344001097238,Pakistan,IT,12,Yes,No
,5.4,Yes,Yes,Yes,27.442044009436056,Egypt,Engineering,65,Yes,No
3.0,8.3,No,No,Yes,19.726327439494444,China,IT,27,Yes,Yes
3.22,3.9,No,No,Yes,22.766940496777405,China,Law,50,No,Yes
3.6,6.2,No,No,Yes,24.807610307829368,Kenya,IT,77,Yes,Yes
3.47,6.6,No,No,No,28.473777242383726,Pakistan,IT,17,Yes,Yes
2.26,7.0,No,Yes,Yes,32.71125198975429,Ghana,Arts,72,No,Yes
1.72,5.6,Unknown,Yes,No,23.063411476451158,Ghana,Science,32,Unknown,Yes
3.47,7.6,No,No,Yes,25.221024393146706,Ghana,Medicine,84,Yes,Yes
2.32,5.1,No,Yes,Yes,28.199645126753545,Pakistan,Medicine,51,No,No
2.89,5.9,Unknown,Yes,Yes,,Pakistan,Arts,17,Yes,Yes
2.41,7.1,No,No,Yes,31.576387111409844,Unknown,IT,34,Unknown,Yes
2.1,7.5,Yes,No,Yes,19.608852099149964,Egypt,Medicine,35,Yes,No
3.27,5.1,Yes,Yes,Yes,27.71207966186797,China,Business,99,Yes,Yes
3.38,9.1,No,Yes,Yes,27.67285301774455,Kenya,Science,24,No,No
2.71,5.6,No,Yes,No,29.60815479325492,Egypt,Law,54,Yes,No
1.7,5.2,No,No,Yes,25.24820539529198,Unknown,Arts,18,Yes,No
2.73,7.0,No,No,Yes,28.566084873623318,Pakistan,Engineering,50,Yes,Yes
3.2,6.2,Yes,No,Yes,24.003443015041753,Sudan,Engineering,46,No,No
2.26,,No,No,Yes,21.794434918949644,China,Engineering,48,Yes,Yes
3.09,7.1,Yes,Yes,Yes,21.211187955361982,Ghana,Education,33,No,Yes
2.99,5.0,No,No,Yes,19.234391250498305,Pakistan,Science,87,Yes,Yes
3.29,4.8,No,No,Yes,23.234564833940592,Unknown,Law,89,Yes,No
3.06,5.9,No,Yes,Yes,26.245953508228254,Sudan,Medicine,27,Yes,Yes
2.51,7.6,No,No,Yes,24.16747161566298,Nigeria,Law,1,Yes,Yes
3.6,5.9,No,No,No,25.79186439989422,Ghana,Law,85,No,No
2.92,8.1,No,No,Yes,29.93951606954535,Kenya,Arts,59,No,Yes
2.99,7.7,Yes,No,Yes,22.930053806697217,Pakistan,Science,10,Yes,Yes
2.53,6.8,Yes,Yes,No,34.36118599218123,India,Engineering,95,Yes,Yes
2.78,6.8,No,Yes,Yes,28.020971995962288,Sudan,Arts,25,No,Yes
2.56,6.8,Unknown,No,Yes,24.212297109699062,Sudan,Medicine,84,No,Yes
2.91,6.7,No,Yes,Yes,24.121591623097704,China,Law,57,No,Yes
3.86,6.1,No,No,Yes,20.9674801728926,Ghana,IT,66,No,No
2.31,6.2,No,No,Yes,24.89713214045159,Pakistan,Engineering,15,Yes,Yes
2.19,5.4,No,No,Yes,16.353615467045852,India,Education,28,No,Yes
3.74,4.3,No,No,No,30.023064701074233,Ghana,Science,13,Yes,No
2.9,7.6,Yes,No,No,13.733556799930927,Unknown,Business,14,Yes,Yes
2.67,6.7,Yes,No,Yes,25.167003893471396,India,Education,66,No,No
3.52,6.5,Unknown,No,Yes,20.424043994706512,Egypt,Law,34,Unknown,Yes
2.7,6.9,Yes,Yes,Yes,22.19528539230543,Egypt,Law,99,No,Yes
,5.7,Yes,Yes,Yes,22.711392268309822,Sudan,Law,25,Yes,Yes
3.34,5.5,Yes,Yes,Yes,32.70250450984778,Unknown,Law,54,Yes,Yes
4.5,6.2,Unknown,Yes,Yes,20.58699717811864,Egypt,Engineering,79,Yes,Yes
4.08,7.9,No,Yes,Yes,28.657038179176492,Sudan,Science,12,No,Yes
2.7,5.3,No,Yes,Yes,29.641607317069365,Pakistan,Education,9,Yes,Yes
3.37,3.9,Unknown,No,No,15.64628719902761,Sudan,Arts,31,No,Yes
3.15,6.0,No,No,Yes,22.538588932954262,Pakistan,Engineering,78,Yes,Yes
3.65,7.6,No,Yes,No,30.9378363713028,Unknown,Science,93,No,Yes
3.78,4.8,Yes,No,No,19.740906197122186,China,Education,53,Unknown,Yes
3.02,5.3,Yes,No,Yes,29.793104146578543,Ghana,Arts,43,Yes,Yes
,6.8,No,Yes,No,24.92853367439566,Sudan,Law,38,Yes,No
3.23,9.1,No,No,Yes,24.755610681729273,Sudan,Science,42,No,Yes
2.66,5.1,No,No,Yes,25.277966450878534,Pakistan,Law,72,Yes,No
4.01,5.1,No,Yes,Yes,26.370287326125826,Egypt,IT,48,No,No
3.07,6.8,No,No,Yes,21.177447261223026,Egypt,Science,67,No,Yes
2.82,7.7,Yes,Yes,Yes,23.958321867389845,Sudan,Medicine,66,Yes,No
3.09,5.9,Yes,No,Yes,26.482393655920845,Egypt,Business,16,No,No
2.33,10.0,Yes,Yes,Yes,25.707543357720034,Egypt,Law,83,Yes,Yes
2.51,6.9,Yes,No,Yes,26.396902250177867,Sudan,Law,94,Unknown,Yes
3.6,7.1,No,No,Yes,22.125251823404465,Nigeria,Law,16,Yes,No
2.67,8.3,Yes,No,Yes,27.529196839133203,Nigeria,Medicine,31,No,No
2.48,7.2,Yes,Yes,Yes,25.5059027019535,Unknown,Engineering,58,Yes,Yes
,7.3,No,No,Yes,18.67719979330431,Kenya,Arts,28,Yes,Yes
3.59,6.2,No,No,Yes,22.874513932132086,Ghana,Law,4,Yes,Yes
3.36,8.9,Yes,No,Yes,21.41798191876558,Kenya,Law,10,No,Yes
3.5,6.1,Yes,No,No,21.366487628117255,Egypt,Education,51,Yes,No
2.62,5.9,No,No,Yes,23.094079478194274,India,Education,18,No,Yes
2.29,8.3,No,No,Yes,27.453887746767116,Egypt,Engineering,47,Yes,Yes
3.75,5.0,No,No,Yes,22.492831001759768,Sudan,Engineering,32,No,No
2.84,4.7,No,No,No,25.900231541031758,Sudan,Business,30,No,Yes
2.87,6.6,Unknown,No,Yes,25.24465027140366,Ghana,Science,36,Yes,Yes
3.66,6.5,No,No,Yes,21.88379038277324,China,Law,9,Yes,No
3.28,6.3,No,Yes,Yes,23.62073947733082,China,Science,36,Yes,No
3.23,7.5,No,No,Yes,28.459396893195656,China,IT,29,Yes,Yes
4.08,5.6,Yes,No,Yes,25.599225227764343,Unknown,Engineering,16,Yes,Yes
2.68,2.0,Unknown,Yes,Yes,27.195311445604222,Egypt,Engineering,92,No,Yes
3.46,6.1,No,No,No,30.089986175631118,Sudan,Business,21,Yes,Yes
3.03,5.6,Yes,No,Yes,26.739748216712307,India,Arts,64,No,Yes
3.13,6.4,No,Yes,Yes,17.31724453245871,India,Medicine,66,Unknown,Yes
3.76,7.4,Yes,No,No,26.082390864462614,India,Medicine,59,Yes,Yes
3.25,8.6,No,Yes,Yes,22.527554273305704,China,Medicine,99,No,Yes
3.27,7.1,No,Yes,No,32.24121044001665,Ghana,Engineering,28,Yes,Yes
3.54,4.0,No,No,Yes,26.597077630456702,China,Law,55,No,Yes
2.82,6.5,No,Yes,No,22.610246810109814,Sudan,Education,100,Yes,Yes
2.58,6.5,Yes,Yes,Yes,27.266047717764756,Egypt,Business,31,No,Yes
2.48,7.4,No,No,No,25.36316361186843,Egypt,Arts,33,Unknown,Yes
2.02,6.7,No,Yes,No,18.12817074512077,Ghana,IT,87,Yes,No
4.03,7.8,No,No,Yes,28.452243125010856,Unknown,Medicine,60,No,Yes
2.45,6.9,No,No,Yes,23.377840343731688,India,Business,41,Yes,No
2.89,8.1,No,Yes,Yes,30.68247317109603,Egypt,Education,81,Yes,No
2.86,6.1,No,Yes,No,24.50227686342476,Ghana,Education,46,No,Yes
3.15,6.6,Yes,No,Yes,30.757173935341875,India,Engineering,49,Yes,Yes
3.41,10.0,Unknown,No,Yes,,China,Medicine,65,No,Yes
3.43,5.9,No,Yes,Yes,28.89649347718372,Pakistan,Arts,42,Yes,Yes
2.71,5.7,No,No,Yes,23.03272203806868,Kenya,IT,23,No,No
2.92,10.0,Yes,Yes,Yes,26.41202472218598,Egypt,Science,27,Yes,Yes
3.14,5.8,Yes,No,No,18.095060863951733,Unknown,Education,89,Yes,Yes
2.88,7.0,No,Yes,Yes,24.49185238849983,Ghana,Education,32,Yes,Yes
3.8,4.7,No,Yes,No,19.061873832275772,Unknown,IT,83,Yes,Yes
3.25,4.9,No,Yes,Yes,20.428091436587604,China,Education,88,Yes,No
3.37,8.4,Unknown,No,Yes,21.4367829370215,Egypt,Arts,3,Yes,Yes
3.33,5.8,No,No,Yes,27.641683743765245,Sudan,IT,60,Yes,Yes
3.59,6.7,No,No,Yes,24.41055946097485,China,Law,76,Yes,No
3.09,5.0,Yes,Yes,No,25.125708037415382,China,Medicine,99,Yes,Yes
2.35,,No,Yes,No,24.301649103088966,Ghana,Medicine,79,Yes,Yes
3.2,5.8,Yes,Yes,Yes,29.322881995547945,Unknown,Science,17,Yes,Yes
2.67,4.9,No,No,Yes,25.016167831292645,Ghana,IT,32,Unknown,Yes
2.74,10.0,Unknown,No,Yes,25.995348315005515,India,Science,7,Yes,Yes
3.29,7.7,Unknown,No,No,22.71898722868764,Pakistan,IT,83,Yes,Yes
3.62,6.4,No,Yes,No,29.59763717466499,Unknown,Medicine,71,Yes,Yes
3.01,,No,No,No,29.897557147211614,Pakistan,Law,69,No,Yes
3.15,8.4,No,Yes,Yes,24.852444187724384,Ghana,Education,58,Yes,Yes
3.85,7.3,Yes,No,Yes,22.662819881278075,Sudan,IT,40,No,No
3.12,7.0,No,Yes,Yes,18.536094665131778,Egypt,Science,85,Yes,Yes
4.3,6.7,Yes,No,Yes,21.525614277457166,China,Engineering,48,Yes,Yes
,7.1,No,Yes,Yes,16.331639753896972,China,Education,51,No,Yes
2.12,6.1,Yes,No,Yes,21.357429919648023,Pakistan,Medicine,57,Yes,No
3.38,6.2,Yes,No,Yes,26.42788038958107,Unknown,Arts,71,Yes,Yes
3.19,,No,No,No,24.79840019760391,Egypt,Arts,37,No,Yes
3.64,6.0,No,No,No,34.29306793781891,Kenya,Education,87,No,No
3.34,6.1,No,No,Yes,23.51577314079846,Pakistan,Law,75,No,No
2.93,6.5,Yes,No,Yes,23.20347303618223,Unknown,Engineering,74,No,No
2.39,7.7,No,No,Yes,29.251078398115197,Unknown,Science,85,No,Yes
2.9,5.4,Yes,Yes,No,17.29225484701778,Nigeria,IT,55,No,Yes
2.57,7.3,No,No,No,19.07293110968205,China,Medicine,41,Yes,No
2.71,7.3,No,No,No,27.655365445021864,Egypt,Arts,97,No,No
3.29,7.3,No,Yes,No,24.218303188122515,India,Arts,20,No,Yes
3.83,5.7,No,No,Yes,24.310015862410175,Pakistan,Arts,33,Yes,Yes
3.2,4.8,No,Yes,Yes,21.25139536866271,Egypt,Arts,40,Yes,Yes
2.4,7.1,No,Yes,Yes,25.95908069433057,Nigeria,Business,99,Yes,No
3.22,6.7,No,Yes,Yes,21.767906981414274,Nigeria,Law,34,No,Yes
,7.5,No,Yes,No,25.290973314788932,Egypt,Science,62,Yes,Yes
2.7,,No,No,Yes,20.36606575258706,Unknown,Medicine,100,Unknown,Yes
4.5,7.3,Yes,No,Yes,24.270412050469773,Kenya,Medicine,91,Yes,Yes
3.01,7.6,No,No,Yes,33.099475761983385,Egypt,Medicine,19,No,Yes
2.61,6.4,No,No,No,23.300256841049904,Pakistan,Science,43,Yes,Yes
,6.9,No,Yes,Yes,24.472967247232884,India,Law,69,No,No
2.94,6.9,Yes,No,Yes,24.18990801012367,China,Education,63,No,Yes
3.21,5.7,Yes,No,Yes,25.698125633377938,Nigeria,Education,93,No,Yes
2.56,7.0,Unknown,No,Yes,26.872607918737014,Sudan,Engineering,10,No,Yes
2.78,8.1,No,No,Yes,26.02895100270609,Sudan,IT,13,No,Yes
3.36,6.5,Yes,No,No,26.11726336709002,Unknown,Education,93,Yes,Yes
2.81,5.0,No,No,Yes,24.27666646240459,China,IT,5,Yes,Yes
3.86,5.8,No,No,No,25.401158890028157,Nigeria,Law,58,No,Yes
2.8,4.7,No,Yes,Yes,24.1441782832498,Sudan,Arts,59,Yes,Yes
,7.8,Yes,Yes,Yes,17.750565174291523,Sudan,IT,76,Yes,Yes
3.47,7.3,Yes,No,No,35.52246003940749,Kenya,Arts,59,Yes,No
2.29,6.0,No,No,Yes,27.912690998188868,Egypt,Law,77,Yes,Yes
2.12,5.1,Yes,No,Yes,60.0,Ghana,Law,86,Yes,No
2.24,5.7,Yes,No,No,25.920241617533602,China,Science,15,No,Yes
3.63,5.9,Unknown,Yes,Yes,19.615437109679178,Ghana,Science,77,Yes,No
2.72,6.6,No,Yes,No,23.02319380334918,India,Business,1,Yes,No
4.28,6.6,Yes,No,Yes,19.072045835496816,Egypt,Medicine,38,Yes,Yes
2.72,7.8,Yes,No,Yes,24.795260617438288,India,Business,53,No,Yes
3.09,5.8,Yes,Yes,Yes,18.67457909547977,Pakistan,Medicine,52,Unknown,Yes
3.77,5.0,Yes,No,No,26.55369157725146,Nigeria,Arts,1,No,Yes
4.0,5.3,No,No,Yes,27.728884323651318,Ghana,Business,11,Yes,No
4.03,6.5,No,No,No,21.6920776016655,Unknown,Business,58,Unknown,No
3.6,5.8,No,No,No,25.643576816796248,Pakistan,Engineering,40,No,No
3.51,6.2,Unknown,Yes,Yes,21.48014259191036,China,Law,86,No,Yes
,6.0,No,No,Yes,27.04692385707963,Nigeria,Science,99,No,No
3.39,7.5,Yes,No,Yes,22.24552780575016,Sudan,Business,60,Yes,No
2.72,5.9,No,No,Yes,28.15588050018768,Ghana,Science,44,Yes,Yes
2.59,6.1,Unknown,Yes,Yes,17.753632718660043,Egypt,Medicine,6,Yes,Yes
3.0,7.2,No,No,Yes,20.98009633960045,Egypt,Business,28,Yes,No
2.91,5.9,Yes,Yes,No,20.56473471485382,Pakistan,Medicine,31,No,Yes
2.77,6.9,No,Yes,No,25.81341503361999,Pakistan,Education,8,No,No
3.35,6.8,No,No,No,27.220358797766348,Sudan,Education,5,No,Yes
3.48,6.6,Unknown,Yes,No,26.12254946713075,Kenya,Business,54,Yes,No
3.04,5.4,Yes,No,Yes,22.964093886437187,Ghana,Education,17,Yes,Yes
3.74,7.7,No,Yes,Yes,13.819651736232322,India,IT,38,Yes,Yes
2.43,8.7,No,No,No,25.154809179030252,China,Arts,9,Yes,Yes
2.9,6.5,No,Yes,Yes,28.15219633726828,Ghana,Engineering,74,Yes,No
2.64,5.5,No,Yes,No,35.72203548653298,Ghana,Medicine,84,No,No
,6.5,Yes,Yes,Yes,23.302419117157356,Sudan,Law,78,Yes,Yes
2.96,7.5,Yes,No,Yes,22.33873795626365,Ghana,Law,14,Unknown,Yes
2.94,5.9,No,No,No,26.281019125152614,Ghana,Arts,26,Yes,No
3.76,6.4,Unknown,Yes,No,23.975366227114215,Unknown,Education,93,No,Yes
3.32,6.8,Yes,No,Yes,30.101493629052833,Unknown,Arts,62,Yes,No
2.49,10.0,No,No,No,21.767245367007447,Nigeria,Education,91,Yes,Yes
3.93,7.3,No,No,Yes,24.004609124035884,China,IT,25,No,Yes
3.61,7.3,Yes,Yes,Yes,28.504852297089386,Unknown,Law,80,No,Yes
3.29,6.1,No,No,No,26.233457250527543,China,Medicine,36,Yes,Yes
0.5,6.9,No,Yes,Yes,,Egypt,Law,98,Yes,No
2.52,5.8,No,Yes,Yes,23.253735794281337,Sudan,Engineering,80,Yes,Yes
2.81,7.3,No,No,Yes,30.053138009474818,Sudan,Business,33,No,Yes
3.54,7.7,No,No,Yes,18.344638506892178,Unknown,Education,3,Unknown,No
3.94,7.1,Yes,Yes,Yes,18.50477875411039,Egypt,Engineering,87,Yes,Yes
3.77,6.1,Unknown,Yes,Yes,30.116159665837017,India,IT,11,Yes,Yes
2.76,6.3,Yes,No,Yes,25.029398301859,Nigeria,IT,58,Unknown,No
2.44,8.3,No,No,No,28.68326346351998,Sudan,Education,64,Yes,No
3.07,6.1,Yes,Yes,Yes,25.3978838324366,Nigeria,Education,18,No,Yes
2.12,7.5,Unknown,No,No,24.9718363658772,Sudan,Law,47,Yes,No
3.16,6.8,No,Yes,Yes,19.6879165635031,Egypt,Business,44,Yes,No
2.93,6.2,No,Yes,Yes,24.892641726731394,Ghana,Law,93,Yes,Yes
2.77,5.2,Yes,No,Yes,30.446428945267005,Kenya,Engineering,59,Yes,Yes
2.2,6.7,No,Yes,Yes,25.226681176286686,Ghana,Engineering,50,Yes,No
3.26,6.6,No,Yes,Yes,27.728312782960906,India,Education,69,No,No
2.73,8.3,No,No,Yes,27.61749583757447,Sudan,Medicine,88,No,Yes
2.42,5.6,Yes,No,Yes,20.949167933353472,India,Medicine,29,No,No
1.56,8.8,Unknown,Yes,Yes,,Unknown,Engineering,93,No,No
2.99,6.9,No,No,Yes,23.74508510776061,Unknown,Business,90,Yes,Yes
3.89,6.9,Yes,No,Yes,23.961390366821224,Pakistan,Education,67,Yes,Yes
,,No,Yes,Yes,33.39078075602131,China,IT,2,No,Yes
2.77,6.8,No,No,No,27.389213467326076,Unknown,Medicine,25,Yes,No
2.7,7.0,No,Yes,Yes,22.445991902891166,Unknown,Medicine,19,Yes,Yes
3.23,7.4,No,No,Yes,25.25815225203889,Sudan,Science,40,Yes,Yes
2.5,5.5,No,No,Yes,25.146479705432892,Pakistan,Science,2,Yes,No
3.15,7.9,No,No,No,31.744372617355978,Sudan,Medicine,83,Yes,No
3.38,6.9,No,Yes,Yes,25.157842321856418,Nigeria,Law,65,No,Yes
3.61,7.1,No,No,No,33.83199461332387,India,Business,62,Unknown,No
2.95,6.3,No,No,Yes,19.813069210319842,Nigeria,Arts,91,No,Yes
2.9,5.6,No,Yes,No,24.870588985317223,Egypt,Medicine,54,Unknown,No
2.56,6.6,Yes,Yes,No,21.94857823121378,Egypt,Science,45,Unknown,Yes
2.59,6.7,No,Yes,No,23.020685578321498,Sudan,Business,49,Yes,Yes
2.89,5.1,No,No,Yes,23.107513981562576,Kenya,Business,99,Yes,No
3.18,7.3,Yes,No,Yes,22.15477328000449,Kenya,Science,69,No,Yes
3.46,7.5,Yes,Yes,Yes,31.920687219942486,Nigeria,Education,38,Yes,Yes
2.6,5.8,No,No,Yes,,Unknown,Business,4,Yes,No
3.75,5.5,No,No,No,26.61057804585649,Sudan,Education,17,Yes,No
2.86,6.2,No,No,Yes,23.102592420442516,Nigeria,Business,53,Yes,No
2.99,6.5,No,Yes,Yes,22.267067828889246,Sudan,Science,85,Yes,No
2.63,6.2,Yes,No,Yes,27.967234965911075,Nigeria,Engineering,53,Yes,Yes
1.79,6.4,No,Yes,Yes,26.2006038049447,Egypt,Medicine,31,Yes,Yes
3.44,6.7,Unknown,Yes,Yes,24.42069618560166,Pakistan,Law,22,No,Yes
3.37,5.1,No,No,No,27.164772029201725,Sudan,Education,11,Yes,Yes
2.86,5.2,Yes,Yes,Yes,28.564282163641966,Pakistan,Arts,34,No,No
3.03,3.8,No,Yes,Yes,24.38383987989211,Egypt,Law,15,Yes,Yes
3.26,7.4,Yes,Yes,Yes,21.850696349247684,Kenya,Engineering,10,Yes,Yes
2.22,6.5,No,Yes,Yes,19.71553733269195,Ghana,IT,96,Yes,Yes
2.74,7.5,No,Yes,Yes,26.00252669736585,India,Engineering,53,Yes,No
4.5,5.4,No,No,Yes,33.668983892531976,India,Business,48,No,Yes
2.37,6.5,Yes,Yes,No,20.557346920195023,India,Law,31,No,Yes
3.15,6.7,Unknown,Yes,No,29.397876324136227,Egypt,Education,37,No,Yes
2.32,5.9,No,Yes,No,22.297775362612843,Egypt,Education,28,Unknown,No
3.23,4.9,No,No,Yes,23.103873856347654,Kenya,Engineering,31,Yes,Yes
2.98,8.2,No,No,No,28.659693920471327,Ghana,Law,70,Yes,No
2.19,7.9,No,Yes,No,23.978967373351214,China,Engineering,14,Yes,No
3.58,6.1,No,No,No,25.99303918596192,India,Arts,87,Yes,Yes
2.63,,No,Yes,Yes,25.91637902484946,Unknown,Engineering,16,Yes,No
2.59,6.0,No,Yes,No,22.30420935294637,India,Law,25,Yes,No
3.1,5.5,Yes,Yes,No,28.580390223680794,China,Business,39,Yes,No
3.57,8.3,No,Yes,No,24.753671251068837,Sudan,Law,66,Yes,Yes
2.49,4.8,No,Yes,Yes,,Kenya,Science,38,Yes,Yes
3.03,6.2,Yes,No,No,21.430063923469582,Pakistan,Law,41,No,Yes
3.21,6.6,No,Yes,No,12.533388610160435,Pakistan,Arts,98,No,Yes
3.35,8.2,Unknown,No,Yes,25.207968128698578,China,Medicine,40,No,No
3.09,7.4,Unknown,Yes,Yes,30.21626585339535,India,Arts,105,No,No
2.82,4.8,No,Yes,No,20.81140068888017,Pakistan,Arts,89,Yes,No
2.59,6.5,Yes,No,Yes,27.34215303335398,China,Engineering,100,Yes,Yes
3.04,2.0,No,No,Yes,26.722269536247634,Egypt,Arts,16,Yes,Yes
2.46,6.3,Yes,Yes,Yes,21.99248989764997,Nigeria,Law,82,No,No
1.54,7.1,Unknown,No,No,,Egypt,Education,77,No,No
3.22,5.1,Yes,Yes,Yes,,India,Medicine,59,Yes,Yes
3.45,6.1,Yes,Yes,Yes,33.04107351934621,China,Education,91,Yes,No
1.82,7.0,No,Yes,Yes,18.457284123999113,Sudan,IT,98,Unknown,No
2.5,7.2,No,Yes,No,23.92345779363503,Pakistan,Business,11,Yes,Yes
3.31,6.6,No,Yes,Yes,24.39899190393337,Pakistan,IT,1,No,Yes
4.03,6.2,No,Yes,No,24.837547914717277,Pakistan,Arts,13,Yes,Yes
3.01,6.4,Yes,No,No,27.865323937153125,China,Education,30,Yes,Yes
2.64,7.2,Yes,Yes,Yes,38.592509270651604,Egypt,Law,105,No,Yes
2.91,6.5,No,No,Yes,26.82026461413903,Sudan,Engineering,18,No,No
3.69,5.5,Yes,Yes,Yes,25.096960970501907,China,Engineering,78,No,Yes
4.5,5.3,No,No,Yes,20.61520190572991,India,Business,13,Yes,Yes
2.6,5.0,No,No,Yes,17.439574109384985,Kenya,Business,32,Yes,Yes
2.76,8.0,No,Yes,No,29.681043325472352,India,Law,71,No,Yes
2.52,7.3,Unknown,Yes,No,22.812863376337162,Nigeria,Business,72,Yes,No
3.06,6.4,Unknown,No,Yes,35.41663341298246,Kenya,Education,50,Yes,Yes
3.81,6.0,Unknown,No,Yes,,India,Education,71,No,Yes
3.16,5.9,Yes,Yes,Yes,26.36623789379185,Sudan,Business,80,Yes,No
2.87,7.6,Yes,Yes,Yes,26.57651558356844,Ghana,Engineering,31,Yes,Yes
,8.4,No,No,Yes,26.61590706022186,Ghana,Law,51,No,Yes
2.22,5.9,No,Yes,No,22.22173221854492,Ghana,Medicine,27,Unknown,Yes
3.44,7.6,Unknown,No,No,17.993989184718597,Nigeria,Business,60,Yes,Yes
2.96,6.5,No,Yes,Yes,22.797259493936643,Nigeria,Law,33,Yes,Yes
2.91,6.3,Yes,Yes,No,24.92657510322505,Ghana,Arts,53,No,Yes
,8.0,Unknown,No,Yes,22.408730795087642,Pakistan,Engineering,93,No,Yes
3.15,6.5,No,No,No,19.855665800160207,Kenya,Medicine,72,No,No
2.62,6.8,Yes,Yes,Yes,22.0071587401501,Kenya,Education,33,Yes,Yes
2.79,6.7,No,No,Yes,29.142929867891766,Pakistan,Engineering,41,Yes,Yes
,4.9,Yes,No,No,27.992783137576588,Egypt,Engineering,19,No,No
3.06,6.8,No,No,Yes,25.685639183614022,Ghana,Education,85,No,Yes
2.28,5.9,No,Yes,No,27.348391705201184,Pakistan,Science,41,No,No
3.46,5.1,No,No,Yes,20.472266129622668,China,Law,85,Yes,Yes
,6.0,No,No,Yes,21.818300832980775,Kenya,Education,89,Yes,No
3.94,6.0,No,No,Yes,26.244060297512764,China,Arts,42,Yes,Yes
3.54,7.5,No,No,Yes,20.981964676268706,Pakistan,Business,23,Unknown,Yes
2.78,5.4,No,Yes,Yes,25.43359299235284,Pakistan,Arts,75,No,Yes
3.64,5.7,No,No,Yes,19.949901623788904,India,Law,33,Yes,No
3.03,6.7,Unknown,No,Yes,18.401548282265544,India,Education,20,Yes,Yes
3.43,5.2,Yes,Yes,Yes,27.94431502417951,Sudan,Engineering,25,Yes,Yes
,5.8,No,No,No,29.108183408711042,Sudan,Education,90,Yes,Yes
2.58,4.8,Yes,Yes,Yes,22.476716024370234,Nigeria,Science,52,No,No
2.68,7.4,Yes,No,No,18.918149670116456,Nigeria,Law,12,No,Yes
3.51,6.2,No,Yes,Yes,16.166511243948392,Ghana,Medicine,32,Yes,No
2.83,6.5,No,No,Yes,32.36800059813772,India,Medicine,33,Yes,Yes
2.8,7.4,Yes,No,Yes,25.44556341401984,Ghana,Law,74,No,Yes
2.52,5.8,No,No,Yes,22.56802681132701,Pakistan,Business,68,Yes,Yes
3.21,6.2,No,No,Yes,23.544353744690085,Ghana,Arts,15,Yes,Yes
4.03,5.4,Unknown,No,Yes,17.34667099940428,Pakistan,Arts,51,Unknown,Yes
2.47,5.4,Yes,Yes,Yes,27.479593895064927,Kenya,Business,6,No,Yes
,5.6,Unknown,No,Yes,33.00043076754134,India,Science,91,No,No
3.71,,No,No,No,21.86897196448249,Sudan,Engineering,69,Yes,Yes
2.96,6.1,No,No,Yes,34.53382814658746,Ghana,IT,69,Yes,Yes
4.5,6.8,Yes,Yes,Yes,24.5343804021556,India,IT,82,Yes,Yes
2.47,5.6,Yes,No,Yes,31.66701251417468,Kenya,Engineering,92,Yes,Yes
3.21,6.8,No,No,No,26.22888417718276,China,Medicine,35,No,Yes
2.91,7.0,No,No,Yes,26.22452475601998,Sudan,Science,86,Yes,Yes
3.49,6.0,Yes,Yes,Yes,32.37570297006114,Unknown,Business,34,No,Yes
3.59,5.7,Yes,Yes,Yes,28.130815754407404,India,IT,63,Yes,No
4.29,6.6,No,No,Yes,26.49939231333128,Egypt,Law,68,Yes,No
3.29,6.3,Yes,Yes,Yes,17.23465264771258,India,Education,18,Unknown,Yes
3.16,6.7,No,No,No,18.97116573657506,Pakistan,Arts,26,Yes,Yes
3.1,8.1,Yes,Yes,Yes,26.834219896075684,Egypt,Education,86,Yes,No
2.82,6.6,Yes,No,Yes,30.871133221484968,Ghana,Law,97,Yes,Yes
3.17,5.9,No,Yes,Yes,25.513804268985172,Kenya,Arts,61,Yes,Yes
2.85,5.6,No,No,Yes,22.63478144448422,Egypt,Law,78,Yes,Yes
3.08,5.6,No,No,Yes,17.64331844331357,Ghana,Business,95,Yes,No
0.5,5.0,No,Yes,Yes,21.86565977006487,Ghana,Business,74,No,No
2.5,7.4,Unknown,Yes,Yes,25.523924516788142,Ghana,Science,88,No,Yes
3.57,4.3,No,Yes,Yes,21.574173391016956,Pakistan,Law,85,Yes,Yes
3.66,7.0,Yes,No,Yes,21.142214918410136,Egypt,Law,48,Yes,Yes
2.94,5.6,No,No,No,24.795530946093447,Nigeria,Science,72,No,No
1.94,6.0,No,No,Yes,30.79364668048956,Kenya,Science,96,Yes,Yes
2.7,2.0,No,No,Yes,27.73887755155367,China,Education,31,No,Yes
3.65,7.9,Yes,No,Yes,26.143487141480463,India,Business,34,No,No
2.99,6.5,No,Yes,Yes,25.753945523041686,Pakistan,Education,87,Yes,Yes
2.5,7.3,No,Yes,Yes,27.204706809428558,Sudan,Business,89,No,No
2.75,7.8,No,Yes,Yes,24.55947369686924,China,Education,7,Unknown,Yes
3.42,6.7,Yes,No,No,23.355673529286065,Kenya,Medicine,83,No,Yes
3.27,5.3,Yes,No,No,27.952775837033087,Pakistan,Law,7,Yes,Yes
2.88,6.3,No,Yes,Yes,24.098418871350706,China,Education,47,Yes,No
2.82,5.8,Yes,No,No,20.245610390129464,India,Education,8,Unknown,No
2.8,6.0,No,No,No,30.773200040519153,Ghana,Business,-5,Yes,No
2.54,6.4,No,No,Yes,17.52029081980767,Ghana,IT,1,No,Yes
3.81,6.4,Yes,Yes,No,31.073291298269254,Kenya,Business,77,Yes,No
2.84,6.9,Unknown,Yes,Yes,27.02582098603105,India,Law,3,Yes,Yes
3.61,7.1,No,No,Yes,21.123397069042696,China,Science,53,No,Yes
3.76,6.4,No,No,Yes,25.097018215547966,Unknown,Law,92,No,No
3.5,6.9,Yes,No,Yes,23.284546397210928,Ghana,IT,38,No,Yes
2.78,6.0,Yes,Yes,Yes,28.23090291342019,Nigeria,Engineering,51,Unknown,Yes
3.2,7.8,No,Yes,Yes,28.15172500998421,China,Law,15,Yes,Yes
2.99,5.9,Yes,No,No,26.845454084320373,Ghana,Engineering,100,Yes,Yes
2.55,7.7,Unknown,No,No,27.985532323934258,China,Education,67,Unknown,Yes
3.16,5.0,Yes,No,No,24.540670299655115,Kenya,Law,64,Yes,Yes
2.41,6.1,No,No,No,32.04670038077592,Sudan,IT,68,No,Yes
3.59,6.2,No,Yes,No,29.894427533830505,Ghana,Engineering,5,Yes,No
2.77,6.8,No,No,Yes,23.091977126714575,China,Engineering,90,Yes,No
3.1,7.4,Yes,No,Yes,28.2434468641329,Sudan,IT,89,Yes,Yes
3.14,5.3,No,Yes,Yes,27.894329143640228,Sudan,Law,10,Yes,Yes
,5.4,Yes,No,No,23.960953378849297,Nigeria,Medicine,8,No,Yes
3.29,5.1,No,Yes,Yes,23.646973423011694,Sudan,Business,12,No,Yes
2.76,7.8,Yes,Yes,No,29.858032047111216,India,Arts,64,No,Yes
3.44,6.8,Unknown,Yes,Yes,24.941224987897762,Sudan,Business,59,Yes,No
2.33,5.4,No,Yes,Yes,26.040687561345816,Unknown,Engineering,67,Yes,Yes
3.06,6.1,Yes,Yes,No,30.604416261856326,China,Education,91,Yes,Yes
3.97,7.7,No,No,Yes,35.13335600279137,Sudan,Law,50,Yes,Yes
2.5,6.2,Yes,No,Yes,22.893500212077743,Egypt,Law,23,Yes,Yes
,6.2,Unknown,No,Yes,24.11639899631557,India,Education,40,Yes,No
3.26,5.7,No,Yes,Yes,25.29601604777146,Pakistan,Law,97,Yes,No
3.09,5.5,No,Yes,No,,India,Law,78,Yes,Yes
3.18,7.7,No,No,Yes,26.505419554447563,Kenya,Medicine,87,Yes,No
3.24,8.2,Yes,Yes,Yes,,Pakistan,Arts,95,Yes,Yes
3.32,5.5,Unknown,Yes,Yes,19.935235921548696,Nigeria,Science,77,Yes,No
3.55,7.9,Yes,No,No,32.015300979398994,India,Engineering,76,Yes,No
3.2,6.0,No,No,Yes,27.44833000321513,Kenya,Arts,99,Unknown,Yes
2.88,7.0,No,No,Yes,23.325857066642047,India,Business,18,Yes,Yes
3.34,7.9,Unknown,No,No,26.74845203168293,Sudan,Science,21,No,Yes
3.95,6.4,Yes,Yes,Yes,32.33180210381502,Ghana,Science,1,Yes,Yes
2.93,6.2,No,No,No,21.847913524897375,Ghana,Education,38,No,No
2.51,7.3,No,Yes,Yes,25.84456085230784,Kenya,Law,41,Yes,Yes
3.55,5.4,No,No,Yes,19.44054103639388,India,Arts,42,No,Yes
2.94,7.6,Yes,Yes,Yes,24.526633504504712,Kenya,Education,9,Yes,No
1.91,6.6,Yes,No,No,27.46638154445823,Nigeria,Business,23,No,No
3.42,5.9,Yes,Yes,No,20.541106976179968,Ghana,Law,78,Yes,Yes
2.73,5.9,No,No,Yes,24.251194523566095,Egypt,Law,11,Yes,Yes
2.95,5.1,Yes,No,Yes,28.199709198119667,Pakistan,IT,71,No,Yes
3.17,6.0,No,No,No,27.356800528930357,Sudan,IT,31,Yes,Yes
3.1,6.2,Yes,No,Yes,20.369473276284555,Egypt,IT,88,Unknown,No
3.35,5.4,No,No,No,26.49509949960896,Egypt,Medicine,26,Yes,Yes
2.78,6.5,Unknown,No,Yes,,China,Education,30,Yes,Yes
3.26,7.0,No,No,No,25.43194206674412,Egypt,Engineering,34,No,Yes
2.87,6.3,No,No,Yes,29.35735723726677,Pakistan,Science,46,Yes,Yes
3.37,7.2,Yes,No,Yes,22.64221072544123,Pakistan,Business,69,Yes,No
3.31,5.7,Yes,No,Yes,26.64993785116605,Sudan,Science,5,No,No
2.53,7.5,Yes,No,No,20.339198851787057,Kenya,Arts,61,No,Yes
3.54,,No,No,Yes,18.597496627266484,Unknown,Engineering,83,Unknown,Yes
2.73,8.0,No,No,Yes,28.124315924861094,Unknown,Law,38,Yes,Yes
3.4,8.9,Unknown,No,Yes,25.08224988171931,India,Engineering,28,Yes,No
3.18,6.0,No,No,Yes,23.146329715535614,India,Law,26,Yes,No
3.92,6.1,No,Yes,No,20.739375943618562,Pakistan,Education,61,Yes,Yes
2.89,6.3,No,No,No,28.308409527053364,India,IT,23,No,Yes
2.83,7.1,No,No,Yes,18.967942509468685,China,Engineering,46,Yes,No
2.99,7.8,Yes,No,No,28.97150987275475,India,Law,30,Yes,Yes
2.85,5.8,No,No,No,26.803989481730454,Nigeria,Science,67,Yes,No
3.4,6.9,No,Yes,No,19.168834447940604,Nigeria,IT,92,No,Yes
2.19,6.4,No,No,Yes,25.503845659514557,China,IT,33,Unknown,Yes
2.47,,Unknown,No,No,35.6148995014654,Egypt,IT,3,No,Yes
2.47,8.0,No,No,Yes,29.757673137853907,Nigeria,Science,69,Yes,Yes
3.48,6.3,Yes,Yes,Yes,21.687891283249364,Unknown,Science,83,No,Yes
3.86,4.8,No,No,No,27.866822728954837,Unknown,Science,42,No,No
2.95,7.2,No,No,Yes,19.336347481852485,Nigeria,IT,62,Yes,Yes
2.92,5.7,Yes,Yes,Yes,19.514743295575506,India,Engineering,58,Yes,Yes
3.04,6.4,No,Yes,No,24.73077732012914,Unknown,Law,57,Yes,Yes
3.58,7.3,Unknown,Yes,No,27.206609074316297,Nigeria,Science,1,Yes,Yes
2.54,6.8,Unknown,No,Yes,28.245321275685672,Egypt,Engineering,73,No,Yes
3.12,6.4,Yes,Yes,No,28.300734898213474,Sudan,Law,60,Yes,Yes
3.49,2.0,No,Yes,Yes,26.979000450140802,India,IT,69,Yes,No
3.25,3.6,No,No,Yes,18.5440354916156,India,Engineering,59,Unknown,Yes
3.09,7.2,No,Yes,No,24.756273459410863,Nigeria,IT,46,No,Yes
3.5,,No,Yes,Yes,28.874727566524886,Kenya,Medicine,34,No,Yes
1.65,8.0,No,No,Yes,26.773163706429703,Ghana,Science,97,Yes,No
,6.9,No,No,Yes,25.728424128229307,Nigeria,Arts,25,Yes,No
2.67,6.0,No,No,Yes,26.316903467641254,China,Engineering,42,Yes,No
2.08,7.6,No,No,Yes,26.25007951910888,Nigeria,Science,29,Yes,Yes
3.26,7.7,No,No,No,17.140410868092623,India,Business,25,Yes,Yes
3.69,6.3,Yes,No,No,29.619564570541574,Sudan,Law,54,Yes,Yes
2.93,7.7,Unknown,Yes,Yes,24.557868370052844,China,Medicine,73,Yes,Yes
3.48,5.9,No,Yes,No,27.830345829942246,Pakistan,Science,67,Yes,Yes
3.81,6.7,No,No,Yes,15.777417979183136,Pakistan,Business,15,Yes,Yes
3.66,7.1,Yes,Yes,Yes,31.64396761656249,Kenya,Engineering,4,No,Yes
3.82,7.3,No,No,No,20.374353424908485,Egypt,Engineering,38,No,Yes
3.37,7.1,Yes,No,Yes,35.16536412812211,Unknown,Business,20,Yes,No
3.04,6.2,Yes,Yes,Yes,33.4769615489158,Kenya,Medicine,23,Yes,Yes
2.2,7.6,No,Yes,Yes,,Pakistan,Business,37,Yes,Yes
2.88,,No,Yes,Yes,28.268146745036766,Unknown,Law,62,Yes,No
2.58,5.9,No,No,No,20.931152568399362,Egypt,Engineering,8,Yes,Yes
4.09,5.9,Yes,No,Yes,22.442375856501915,Unknown,Business,37,No,No
2.91,8.4,No,No,Yes,22.53266959609133,Egypt,Arts,45,Unknown,Yes
3.06,5.8,Yes,Yes,Yes,26.79172269351756,Ghana,Arts,97,No,Yes
3.28,7.8,Unknown,No,Yes,26.29854716171761,China,Business,33,Unknown,No
3.02,5.4,No,No,Yes,20.1936367133062,Unknown,Law,7,No,No
3.85,7.0,No,Yes,Yes,26.759805613612443,Unknown,Engineering,22,Yes,No
2.69,6.8,No,No,No,24.18356349402623,Unknown,Arts,5,Unknown,Yes
,8.1,Yes,No,No,17.717788473355036,Sudan,Business,15,Yes,Yes
2.63,5.8,Unknown,Yes,Yes,23.26387094492395,Sudan,IT,21,No,Yes
2.34,5.6,Yes,No,Yes,31.64170741397339,Ghana,Business,89,Yes,Yes
2.69,6.4,No,Yes,Yes,23.39887491518826,Ghana,Science,17,Yes,No
2.98,8.2,No,No,No,17.657852755896375,Ghana,Business,56,No,Yes
2.79,5.6,Yes,Yes,No,28.257866930994027,Pakistan,Law,50,Yes,No
2.65,3.9,No,No,Yes,21.28995926116056,Pakistan,Arts,7,Yes,Yes
